Sentence Number;Text;Label
1;Visto il documento predisposto sulla base di quanto emerso nell’ ambito del sopra richiamato Tavolo Tecnico inerente la modifica e l’ aggiornamento del d d u o   n  7300 del 4 maggio 2004 : « Criteri e procedure per la gestione degli SME per impianti di produzione di leganti idraulici » riportante i parametri chimicofisici ed impiantistici da monitorare specifici del comparto e i riferimenti ai nuovi i criteri di trattamento dati;1
2;Vista la Guida di Attuazione del Programma , approvata dal Comitato di Sorveglianza nella seduta del 14 marzo 2008 e successivamente modificata con procedure di consultazione scritta concluse il 30 maggio 2008 e il 10 dicembre 2009 , che definisce , tra le altre cose , l’ iter procedurale dei progetti ordinari e dei Piani Integrati Transfrontalieri ( PIT );1
3;Le indicazioni più recenti in merito al flusso informativo delle prestazioni ambulatoriali e di diagnostica strumentale sono contenute nella circolare 20 / SAN del 30 dicembre 2010 e nelle successive note trasmesse nel corso del 2011   Per la rilevazione 2012 non sono previste modifiche rilevanti al tracciato attualmente in uso , vengono tuttavia fornite alcune indicazioni a seguito delle disposizioni impartite con d g r   IX/2633 del 6 dicembre 2011 « Determinazioni in ordine alla gestione del Servizio Socio Sanitario Regionale per l’ esercizio 2012 » ( in particolare Allegati 10 e 13 ) di cui dovrà essere tenuto conto ai fini della corretta prescrizione ed erogazione delle prestazioni e della successiva rendicontazione nei flussi informativi esistenti   1   Allegato 10 « Tariffe prestazioni di ricovero e di specialistica ambulatoriale » – Macroattività ambulatoriale complessa e ad alta integrazione di risorse ( MAC ) Ad integrazione del nomenclatore tariffario , sono stati introdotti i pacchetti MAC definiti in seguito all’ attività di riclassificazione di posti letto di Day Hospital non chirurgico in postazioni di macroattività ambulatoriale complessa   Le prescrizioni relative alle attività MAC devono essere effettuate , utilizzando le ricette del SSN ( ricetta rossa ) , dagli specialisti delle strutture nelle quali le prestazioni vengono erogate   In proposito , ai fini prescrittivi , si precisa che ogni pacchetto MAC vale come una singola prestazione e che pertanto per la compilazione della ricetta rimangono valide le indicazioni più volte fornite ( esempio : fino a 8 prestazioni / pacchetti MAC per ricetta , … )   I « pacchetti » ( MAC ) dovranno essere rendicontati a partire dalle prenotazioni del 1° gennaio 2012 sulla falsariga delle prescrizioni cicliche o erogabili in tempi diversi ( vedi ad esempio Recupero e Rieducazione Funzionale )   Per quanto riguarda la rendicontazione delle attività erogate , al fine di non dilazionarne nel tempo la segnalazione nei flussi informativi e per semplificare gli aspetti di gestione economica , si forniscono innanzitutto due indicazioni di tipo generale : • la rendicontazione dovrà essere su base mensile ( non si deve attendere la conclusione del ciclo di MAC ) , facendo riferimento a ciò che è stato erogato in quel mese • le prescrizioni di MAC vanno chiuse tassativamente nell’ anno di rilevazione   Pertanto si forniscono le ulteriori specificazioni che seguono : • La data di contatto corrisponderà alla data di erogazione della prima prestazione e la data di fine corrisponderà con la data di erogazione dell’ ultima prestazione erogata nel mese di rilevazione   • Qualora le prescrizioni riferite ad una MAC contenessero prestazioni erogabili in tempi superiori al mese le attività dovranno essere comunque trasmesse con periodicità mensile , con la rendicontazione delle sole attività erogate , anche se parziali   • Per le prescrizioni non concluse nel mese , nei mesi successivi le stesse dovranno essere inviate a correzione , avendo cura di indicare nel record il numero cumulativo di prestazioni erogate ( comprensivo quindi di quelle già segnalate nei mesi precedenti )   L’ integrazione dei record;1
4;Preso atto che con le dd g r   citate sono state definite le procedure per l’ accreditamento delle unità d’ offerta socio - sanitarie;1
5;Vista la circolare regionale n  21 del 5 luglio 2007 « Chiarimenti in ordine a d g r   n  3257 del 4 ottobre 2006 » che indica , tra l’ altro , le modalità per ottenere il riconoscimento di Ente Unico;1
6;Atteso che : −− l’ ASL di Como ha verificato il possesso dei requisiti di accreditamento in capo all’ Ente Gestore subentrante , come attestato dalla Determinazione del Direttore del Dipartimento A S S I  n  1 del 17 gennaio 2014 , trasmessa alla Direzione Generale Famiglia , Solidarietà Sociale e Volontariato con nota protocollata in data 17 gennaio 2014 prot   n  581 , −− l’ attività è esercitata a titolo di gestione diretta , −− per la realizzazione dell’ immobile sede dell’ attività non sono stati impiegati finanziamenti pubblici;1
7;Vista la Guida di Attuazione del Programma , approvata dal Comitato di Sorveglianza nella seduta del 14 marzo 2008 e successivamente modificata con procedure di consultazione scritta concluse il 30 maggio 2008 e il 10 dicembre 2009 , che definisce , tra le altre cose , l’ iter procedurale dei progetti ordinari e dei Piani Integrati Transfrontalieri ( PIT );1
8;Richiamato il decreto del Direttore Generale della Direzione Ambiente , Energia e Reti n  10461 del 15 ottobre 2010 con il quale la proposta di estensione della sperimentazione è stata approvata con prescrizioni , in particolare imponendo approfondimenti tecnici conoscitivi al fine di determinare le condizioni di rilascio di portate di DMV a valle delle rispettive prese inferiori sui Torrenti Bondone e Caronella , funzionalmente legate all’ impianto idroelettrico « Belviso »;1
9;• N0080010032lo ( T  Belviso , dal bacino di Frera all’ immissione nel F  Adda );1
10;• N0080011061lo ( T  Caronella , dalle sorgenti all’ immissione nel F  Adda );1
11;• N0080010651lo ( T  Bondone , dalle sorgenti all’ immissione nel F  Adda );1
12;Preso atto che per tutti i corpi idrici elencati al punto precedente la classificazione del Piano di Gestione indica uno stato complessivo attuale « buono » con obiettivo ecologico e chimico « buono » al 2015;1
13;• la sperimentazione prevede che non sia rilasciata alcuna;1
14;portata a valle dell’ opera di presa n  1 « Diga di Frera » e che il relativo DMV sia garantito attraverso la dismissione delle derivazioni nn;1
15;2 « Soffia » , 3 « Nembra » e 5 « Carognera » , i cui contributi medi naturali annui complessivamente ammontano a 99 l / s;1
16;• il valore del DMV sperimentale a valle della derivazione n  10 « Diga di Ganda » , pari a 147 l / s , è stato stabilito in seguito agli approfondimenti effettuati nella prima fase sperimentale ai sensi di quanto indicato dal ddg 8190/2009;1
17;• in seguito agli approfondimenti conoscitivi effettuati ai sensi del d d g;1
18;10461/2010 nel tratto terminale del T  Caronella , sulla base di prove e verifiche in diversi regimi di portata , comprendenti anche misure effettuate in occasione di precipitazioni atmosferiche di entità considerevole , è stato stabilito in accordo con il Tavolo tecnico ( cfr   verbale incontro del 18 ottobre 2011 ) di non dover imporre alcun rilascio di DMV , in quanto si è constatato che - anche in condizioni idrologicamente abbondanti - l’ acqua rilasciata si infiltra in subalveo poche centinaia di metri a valle della forra , rendendo impossibile il mantenimento della continuità idraulica attraverso rilasci di portate nell’ ordine di grandezza del DMV idrologico;1
19;• in seguito agli approfondimenti conoscitivi effettuati ai sensi del ddg 10461/2010 nel tratto terminale del T  Bondone , è stato stabilito in accordo con il Tavolo tecnico ( cfr   verbale incontro del 18 ottobre 2011 ) di attuare un rilascio di DMV sperimentale fissato in 16 l / s al fine di verificare se tale portata consenta di garantire la continuità idraulica fino all’ immissione in Adda;1
20;Dato atto che : • durante la prima fase sperimentale sono stati effettuati sul T  Belviso monitoraggi di indicatori biologici ( macroinvertebrati , diatomee , fauna ittica ) e chimico - fisici , attraverso l’ applicazione dei rispettivi indici di qualità ai sensi del DM 260/2010 , oltre a misure di portata ed approfondimenti sull’ habitat acquatico e spondale , presso le seguenti stazioni di monitoraggio : COD;1
21;• oltre alle stazioni specificate nella precedente tabella , nel;1
22;corso della sperimentazione sono stati effettuati campionamenti e indagini anche nei seguenti tratti : −− nel tratto iniziale del T  Belviso immediatamente a valle della confluenza del T  Soffia ( tratto denominato BEL0 ) , durante la stagione estiva 2011 sono state effettuate indagini integrative attraverso campionamenti di macrobenthos e verifiche sulla presenza di ittiofauna , secondo quanto stabilito in sede di Tavolo tecnico negli incontri del 5 aprile 2011 e del 4 maggio 2011;1
23;−− sui Torrenti Caronella e Bondone , a valle delle rispettive prese inferiori , sono stati effettuati approfondimenti tecnici conoscitivi in ottemperanza a quanto disposto dal d d g;1
24;• in località San Paolo in corrispondenza della stazione BEL1 , come prescritto dal ddg 8190/2009 , è stata realizzata una soglia munita di apposita asta idrometrica al fine di effettuare il monitoraggio dei deflussi presenti in alveo;1
25;• nelle date 2 marzo 2010 , 15 luglio 2010 , 30 novembre 2010 ,;1
26;zo 2012 , 25 ottobre 2012 si sono svolti incontri del Tavolo tecnico durante i quali sono stati commentati i monitoraggi effettuati sulla base dello stato di avanzamento e sono state discusse problematiche specifiche inerenti diversi aspetti della sperimentazione;1
27;• come richiesto dal Tavolo tecnico inoltre , in occasione della seduta del 4 maggio 2011 , il Proponente ha depositato e presentato il documento » Valutazione dell’ efficacia del rilascio del DMV idrologico dalle prese basse dei Torrenti Bondone e Caronella »;1
28;• in data 26 ottobre 2012 infine il Proponente ha inviato a tutti i referenti del Tavolo tecnico , a titolo di integrazione , un ulteriore documento intitolato « Il Torrente Belviso a monte del primo punto di monitoraggio » quale nota di dettaglio relativa alle dimensioni ed alle condizioni idrauliche del primo tratto di T  Belviso , appena a valle della diga di Frera;1
29;Serie Ordinaria n  5 - Lunedì 28 gennaio 2013 giunti dai parametri indagati nelle 4 stazioni di monitoraggio BEL1-BEL2-BEL3-BEL4 sul T  Belviso;1
30;mità rispetto alle metodiche di campionamento indicate da ARPA Lombardia , i risultati dei monitoraggi siano affetti da basso livello di incertezza;1
31;• di conseguenza , presso le 4 stazioni di monitoraggio sul T  Belviso , gli obiettivi della sperimentazione possano essere considerati sostanzialmente raggiunti;1
32;• per quanto riguarda invece la derivazione n  15 « Bondone;1
33;inferiore » , il rilascio in via sperimentale di una portata di 16 l / s , pari al 5 % della media naturale annua , nel periodo invernale non si è rivelata efficace rispetto all’ obiettivo di mantenimento in alveo di condizioni di continuità idraulica;1
34;si ritiene quindi necessario che – almeno nel periodo invernale compreso tra il 1 dicembre e il 31 marzo - sia incrementato lo scenario di rilascio del DMV almeno fino al valore della componente idrologica , pari a 32 l / s , e sia assicurata nell’ intero corso dell’ anno a cura del Proponente la verifica della continuità idraulica fino all’ immissione nel F  Adda;1
35;Si prende atto del sostanziale raggiungimento degli obiettivi della sperimentazione presso le stazioni di monitoraggio BEL1-BEL2-BEL3-BEL4;1
36;È confermata l’ entità del rilascio del DMV sperimentale dalla derivazione n  10 « Diga di Ganda » , pari a 147 l / s , a condizione che il Proponente definisca un miglior metodo di attuazione , verifica e controllo delle portate rilasciate , da validare in sede di Tavolo tecnico , secondo quanto dettagliato in premessa;1
37;−− la deliberazione della Giunta regionale n  VIII/7271 del 19 maggio 2008 « Reg   CE 1698/2005 Programma di Sviluppo Rurale 2007 - 2013   Criteri di riparto delle risorse finanziarie relative alle misure : 111 , 112 , 121 , 123 , 124 , 132 , 211 , 214 , 221 , 311 A , 311 B , 311 C »;1
38;Visti gli elenchi , per complessive 41domande , che le Province della Lombardia dichiarano di aver istruito con esito favorevole , secondo le priorità stabilite dalle disposizioni attuative della Misura 221 , relativi all’ ottavo periodo di raccolta delle domande ( 14 maggio 2011 – 1° agosto 2011 );1
39;Considerato che la Struttura Foreste della D G  Sistemi Verdi e Paesaggio , nell’ esercizio dell’ attività di controllo , ha accertato che i progetti di intervento relativi a cinque delle domande contenute negli elenchi inviati dalle province di Pavia e di Milano non rispettano compiutamente i criteri tecnici di ammissibilità stabiliti dal bando , in particolare per quanto concerne il limite;1
40;massimo di n  270 piante di pioppo per ettaro , previste per impianti di tipologia B;1
41;Ritenuto di ammettere a finanziamento n  36 domande , in quanto istruite favorevolmente dalle Province competenti e rispondenti al criterio relativo al limite massimo di piante di pioppo per ettaro;1
42;Ritenuto di subordinare l’ ammissione delle cinque domande , sopra menzionate , i cui progetti sono risultati difformi , a seguito dell’ approvazione , da parte delle province competenti , delle varianti progettuali che dovranno essere presentate dai richiedenti il contributo , al fine di assolvere alle prescrizioni tecniche del bando , con particolare riferimento al suddetto limite massimo di n  270 piante di pioppo per ettaro;1
43;Ritenuto che , sulla base dei criteri stabiliti dalla sopra citata d g r   7271/2008 , si può provvedere al riparto delle risorse finanziarie a favore delle Province per un importo totale di contributi ammissibili di € 633 680,97= , relativi a una quota parte dei soli costi di impianto , verificato che la disponibilità finanziaria per la Misura 221 del PSR 2007 - 2013 è sufficiente a coprire la spesa derivante dall’ ammissione a finanziamento di n  36 domande;1
44;158/2012 , convertito con l  189/2012 , prevede che : • entro il 30 giugno 2013 ciascuna delle regioni e delle province autonome di Trento e di Bolzano provvede a riorganizzare i comitati etici istituiti nel proprio territorio , attenendosi ai seguenti criteri ( … ) • con decreto del Ministro della salute , su proposta dell’ AIFA per i profili di sua competenza , d’ intesa con la Conferenza permanente per i rapporti tra lo Stato , le regioni e le province autonome di Trento e di Bolzano , sono dettati criteri per la composizione dei comitati etici e per il loro funzionamento ( … ) Richiamata la la d g r   n  IX/4334 del 26 ottobre 2012 « Determinazioni in ordine alla gestione del servizio socio sanitario regionale per l’ esercizio 2013 » che prevede che : −− « Ai sensi di quanto disposto dall’ articolo 12 della legge n  189/2012 in materia di riordino dei Comitati Etici , sarà competenza della DG Sanità dare le indicazioni operative ai sensi dei necessari provvedimenti che dovranno essere adottati in ottemperanza a quanto disposto dalla succitata norma » Considerato che la composizione dei nuovi CE dovrà essere conforme a quanto stabilito dal decreto del Ministro della salute previsto dal sopra citato decreto;1
45;Considerato che quanto emerso dagli Osservatori Territoriali delle ASL lombarde , mostra che la patologia del gioco d’ azzardo tocca vaste fasce di popolazione di tutte le età e genere;1
46;Considerato che il fenomeno ha una ricaduta importante sia in termini economici che sociali , soprattutto sulle fasce più deboli della popolazione e che la Lombardia è tra le regioni italiane con la maggior spesa pro capite per il gioco d’ azzardo;1
47;• la d c r   del 9 luglio 2013 n  78 , « Programma Regionale di Sviluppo della X Legislatura » che prevede , all’ interno del capitolo « Programmazione e governo della rete dei servizi sociosanitari e sociali » , di sostenere gli interventi di prevenzione e cura delle ludopatie , allo scopo di proteggere e tutelare soprattutto le categorie più deboli ( giovani , anziani , disoccupati , etc  ) , che rappresentano i soggetti più colpiti da quella che è ormai una malattia sociale vera e propria;1
48;• la d g r   del 17 novembre 2010 , n  88 , che approva il Piano Socio Sanitario Regionale 2010 – 2014 dove , al paragrafo dedicato alle Dipendenze , è prevista una serie di azioni prioritarie sui nuovi bisogni emergenti , attraverso la formulazione di piani / programmi regionali d’ intervento , con la promozione di patti territoriali tra le diverse istituzioni per la presa in carico e il reinserimento delle persone con problemi di dipendenza e con il coinvolgimento delle realtà associative di aiuto e auto - aiuto delle famiglie delle persone con problemi di dipendenza;1
49;• la d g r;1
50;25 ottobre 2012 , n  4225 di adozione del Piano;1
51;Azione Regionale Dipendenze , che richiama l’ attenzione sul modificarsi dei comportamenti legati al consumo , all’ abuso e alla dipendenza anche senza sostanze , che originano domande di aiuto e di presa in carico e , rispetto alle quali , l’ attuale sistema di intervento necessita un adeguamento , differenziando gli interventi e le prestazioni in relazione ai bisogni delle persone , per garantire la continuità degli interventi stessi;1
52;Ritenuto altresì di rinviare a successivi provvedimenti delle Direzioni Generali interessate la declinazione operativa , il coordinamento ed il monitoraggio delle diverse azioni , nonché l’ individuazione delle risorse necessarie per dare piena attuazione al suddetto Programma 2014 , sulla base delle disponibilità di bilancio regionale , precisando che le attività di prevenzione , conoscenza , informazione e presa in carico delle persone e delle loro famiglie verranno assicurate attraverso un’ azione congiunta da parte della Direzione Generale Famiglia , Solidarietà Sociale e Volontariato e della Direzione Generale Salute;1
53;2   di rinviare a successivi provvedimenti delle Direzioni Generali interessate la declinazione operativa , il coordinamento ed il monitoraggio delle diverse azioni , nonché l’ individuazione delle risorse necessarie per dare piena attuazione al suddetto Programma 2014 , sulla base delle disponibilità di bilancio regionale , precisando che le attività di prevenzione , conoscenza , informazione e presa in carico delle persone e delle loro famiglie verranno assicurate attraverso un’ azione congiunta da parte della Direzione Generale Famiglia , Solidarietà Sociale e Volontariato e della Direzione Generale Salute;1
54;3   Di dare atto che , per quanto concerne le emissioni derivanti dall’ attività dell’ intero impianto , le relative prescrizioni di maggiore dettaglio sono disposte con specifico provvedimento autorizzatorio d lgs   152/06 e s m i;1
55;Vista la nota , pervenuta alla competente Struttura « Foreste » in data 17 dicembre 2012 , prot;1
56;F1 2012 0024294 , con la quale la Comunità Montana dell’ Oltrepò Pavese , esprimendo parere favorevole in merito , ha trasmesso la richiesta di riconoscimento di tartufaia controllata e di concessione di raccolta riservata , presentata dal Consorzio agro - silvo - pastorale Reganzo;1
57;Richiamato in particolare l’ Allegato A della sopra citata d g r   , che reca disposizioni circa le procedure da seguire nei casi di cambiamento dell’ ente gestore di una unità di offerta socio sanitaria accreditata;1
58;Evidenziato che a tal fine Ente Gestore uscente ed Ente Gestore subentrante hanno provveduto nei modi previsti dalla citata d g r   n  3540/12 a richiedere il parere preventivo per la voltura , fornendo i necessari elementi di conoscenza e il parere positivo è stato rilasciato con nota prot n  G1 2012 0015027 in data 20 novembre 2012;1
59;• l’ ASL di Como ha attestato il possesso dei requisiti di accreditamento in capo all’ Ente Gestore subentrante , con Determinazione n  64/2012 del 20 dicembre 2012 protocollato in data 2 gennaio 2013 n  prot;1
60;za dalla data di approvazione del presente decreto , sulla base delle verifiche compiute dalla competente ASL di Como ,;1
61;DECRETA 1   di procedere , con decorrenza dalla data del presente provvedimento , alla voltura dell’ accreditamento della seguente unità di offerta socio sanitaria : Comunità Terapeutica denominata « Centro di Accoglienza Padri Somaschi » con sede In Tavernerio ( CO ) , Via Montegrappa n  1 , già accreditata per n  21 posti di Servizio terapeutico riabilitativo , in favore del seguente nuovo ente gestore : « Fondazione Somaschi Onlus » con sede legale in;1
62;Milano , Piazza XXV Aprile n  2 , C F  97597340153 , sulla base delle verifiche compiute dall’ ASL di Como;1
63;Dato atto che è stata accertata , da parte della struttura « Regolazione , accreditamento e contratti » , la corrispondenza della richiesta con la documentazione agli atti;1
64;Preso atto altresì che il Piano della caratterizzazione approvato prevede , quale approccio metodologico , l’ intervento per singole sub - aree , in riferimento alle diverse caratteristiche delle porzioni di territorio comprese nel sito , in particolare per il loro uso pregresso , nonché per conciliare , su un sito di ampie dimensioni , le operazioni di bonifica e la realizzazione delle infrastrutture ed opere pubbliche previste dall’ evento;1
65;Preso atto di quanto indicato nel documento progettuale di cui sopra , ed in particolare della strategia dell’ intervento di bonifica che ha come obiettivo il raggiungimento delle Concentrazioni Soglia di Contaminazione ( C S C  ) per la specifica destinazione d’ uso;1
66;Considerato che ai fini istruttori , è stata convocata in data 14 dicembre 2012 , presso la Direzione Generale Ambiente , Energia e Reti , una Conferenza di Servizi ai sensi dell’ art  14 , l  7 agosto 1990 , n  241 , e s m i   , per l’ acquisizione dei pareri sul Progetto Operativo di bonifica degli areali 8A e 8B e per la quale è stata richiesta la presenza della Provincia di Milano , dei Comuni di Milano e Rho , dell’ A R P A  Lombardia – Dipartimento Provinciale di Milano , della Società Metropolitana Milanese s p a  e della Società Expo 2015 s p a;1
67;Preso atto che la Conferenza predetta , ha ritenuto opportuno , visto ed esaminato il documento progettuale presentato , di approvarne i contenuti , con le osservazioni e prescrizioni di cui alle considerazioni finali della Conferenza di Servizi indicate nel relativo verbale;1
68;– 68 – Serie Ordinaria n  2 - Venerdì 11 gennaio 2013 Ritenuto necessario che il verbale della Conferenza di Servizi costituisca parte integrante del presente provvedimento ( allegato 1)(omissis );1
69;3 aprile 2006 , n  152 , il « Progetto operativo di bonifica degli areali 8A e 8B » delle aree che ospiteranno l’ Esposizione Universale 2015 , ubicate nei Comuni di Milano e Rho ( MI ) , presentato dalla Società Metropolitana Milanese s p a  per conto della Società Expo 2015 s p a  e di autorizzare gli interventi in esso previsti , con le osservazioni e prescrizioni espresse dalla Conferenza di Servizi , di cui all’ allegato 1 al presente atto(omissis );1
70;3 aprile 2006 , n  152 , a seguito delle risultanze della caratterizzazione effettuata , la riperimetrazione delle aree oggetto di bonifica , escludendo dal relativo procedimento la restante parte del Comparto 8 risultata non contaminata , secondo la documentazione trasmessa dalla Società Metropolitana Milanese s p a  per conto dalla Società Expo 2015 s p a  , ed in particolare secondo la Figura 19 che costituisce parte integrante del presente provvedimento ( allegato 2)(omissis ) , del Progetto Operativo di Bonifica degli Areali 8A e 8B di cui alla nota di parte 726/2012;1
71;DECRETA 1   di approvare ai sensi del comma 7 , dell’ art  242 del d lgs;1
72;3 aprile 2006 , n  152 , il « Progetto operativo di bonifica degli areali 8A e 8B » delle aree che ospiteranno l’ Esposizione Universale 2015 , ubicate nei Comuni di Milano e Rho ( MI ) , presentato dalla Società Metropolitana Milanese s p a  per conto della Società Expo 2015 s p a  e di autorizzare gli interventi in esso previsti , con le osservazioni e prescrizioni espresse dalla Conferenza di Servizi , il cui verbale costituisce parte integrante del presente provvedimento ( allegato 1)(omissis );1
73;3   di approvare ai sensi dell’ art  242 del d lgs;1
74;3 aprile 2006 , n  152 , a seguito delle risultanze della caratterizzazione effettuata , la riperimetrazione delle aree oggetto di bonifica , escludendo dal relativo procedimento la restante parte del Comparto 8 risultata non contaminata , secondo la documentazione trasmessa dalla Società Metropolitana Milanese s p a  per conto dalla Società Expo 2015 s p a  , ed in particolare secondo la Figura 19 che costituisce parte integrante del presente provvedimento ( allegato 2)(omissis ) , del Progetto Operativo di Bonifica degli Areali 8A e 8B di cui alla nota di parte 726/2012;1
75;Atteso che : −− l ’ ASL di Lecco ha verificato il possesso dei requisiti di accreditamento in capo all’ Ente Gestore subentrante , come attestato dalla deliberazione del Direttore Generale n  3 del 13 gennaio 2014 , trasmessa alla Direzione Generale Famiglia , Solidarietà Sociale e Volontariato con nota protocollata in data 21 gennaio 2014 prot   n  701 , −− l’ immobile dove è esercitata l’ attività dell’ unità di offerta oggetto della presente voltura è di proprietà di Villa Serena s p a  e sarà condotto a titolo di concessione , da parte dell’ Ente Gestore subentrante , −− l’ attività è esercitata a seguito di sottoscrizione di contratto di concessione per la gestione della R S A  sino al 31 dicembre 2035 , −− per la realizzazione dell’ immobile sede dell’ attività sono stati impiegati finanziamenti regionali ex d g r;1
76;Ritenuto : −− di provvedere alla iscrizione nell’ apposito registro regionale della voltura di cui all’ oggetto , con decorrenza dalla data di adozione del presente decreto , sulla base delle verifiche compiute dalla competente ASL di Lecco , −− di stabilire che il nuovo soggetto gestore subentra nel contratto sottoscritto con l’ ASL di Lecco , che dovrà essere modificato in relazione alla variazione del soggetto gestore e conseguentemente trasmesso alla Direzione Generale Famiglia , Solidarietà Sociale e Volontariato;1
77;Richiamata , in particolare , la d g r   n  IX/4491 del 13 dicembre 2012 « Determinazioni in merito alle modalità per la valutazione e il finanziamento di progetti di ricerca indipendente in materia sanitaria » che : • ha approvato i criteri di valutazione e le modalità operative per la realizzazione del bando per il finanziamento dei progetti di ricerca indipendente nel settore sanitario;1
78;• ha destinato al finanziamento dei progetti di ricerca indipendente , di cui al punto precedente , la somma complessiva di Euro 4 000 000,00 a valere sulla disponibilità del capitolo 2 2 0 2 256 7644 del bilancio regionale;1
79;• ha rinviato a successivi atti della Direzione generale Sanità l’ assunzione di tutti i provvedimenti necessari per l’ attuazione delle finalità indicate nel provvedimento di cui trattasi;1
80;Dato atto che le risorse destinate al finanziamento del bando , di cui trattasi , pari a Euro 4 000 000,00 , trovano copertura al capitolo 2 2 0 2 256 7644 del bilancio regionale;1
81;Di stabilire che le risorse destinate al finanziamento del bando di cui al punto 1 ) , pari a Euro 4 000 000,00 , trovano copertura al capitolo 2 2 0 2 256 7644 del bilancio regionale;1
82;Ricordato che le analisi eseguite con POCT di solito sono molto più costose di quelle eseguite su « normale » strumentazione di laboratorio e che la proliferazione di fonti di produzione di esami di laboratorio può generare risultati non confrontabili tra di loro;1
83;Stabilito , infine , che in ogni caso per poter utilizzare correttamente le strumentazioni POCT e i loro risultati ci si debba attenere alle procedure tecniche di cui all’ allegato 1 , parte integrante del presente provvedimento , e che queste procedure debbano consistere in documenti aggiornati ed accessibili agli utilizzatori dei POCT;1
84;c ) per poter utilizzare correttamente le strumentazioni POCT e i loro risultati ci si deve attenere alle procedure tecniche di cui all’ allegato 1 , parte integrante del presente provvedimento , precisato che queste procedure debbano consistere in documenti aggiornati ed accessibili agli utilizzatori dei POCT;1
85;Considerato che ai fini istruttori , è stata convocata in data 16 novembre 2012 , presso la Direzione Generale Ambiente , Energia e Reti , una Conferenza di Servizi ai sensi dell’ art  14 , l  7 agosto 1990 , n  241 , e s m i   , per l’ acquisizione dei pareri sul « Piano integrativo d’ indagine Settore C107 : relazione descrittiva delle attività svolte e analisi di rischio sito – specifica » , e per la quale è stata richiesta la presenza delle province di Milano e di Monza Brianza , dei Comuni di Ceriano Laghetto , Bovisio Masciago , Limbiate e Cesano Maderno , dell’ A R P A  Lombardia – Dipartimenti di Monza Brianza , dell’ ASL di Monza Brianza e della società Bracco Imaging s p a;1
86;Preso atto che la Conferenza predetta , ha ritenuto opportuno , visto ed esaminato il documento progettuale presentato , di approvarne i contenuti , con le osservazioni e prescrizioni di cui alle considerazioni finali della Conferenza di Servizi indicate nel relativo verbale;1
87;Considerato che il comune di Ceriano Laghetto , con nota n  8716 del 15 novembre 2012 , agli atti regionali con prot;1
88;22929 del 16 novembre 2012 , ha segnalato , in riferimento ai lavori della Conferenza di Servizi del 15 novembre 2012 , che l’ area C 107 , confina con un’ area oggetto di istanza di Permesso di Costruire per la costruzione di una nuova centrale termoelettrica da 125 MWE e che l’ istanza è stata diniegata con provvedimento del 27 luglio 2009 , atti n  7339;1
89;Considerato che la provincia di Monza Brianza , con nota n  48754 del 7 dicembre 2012 , ha trasmesso il parere relativo al documento oggetto di esame da parte della Conferenza di servizi del 16 novembre 2012;1
90;Ritenuto pertanto , di approvare ai sensi del comma 4 , dell’ art  242 del d lgs;1
91;3 aprile 2006 , n  152 , il « Piano integrativo d’ indagine Settore C107 : relazione descrittiva delle attività svolte e analisi di rischio sito – specifica » , ricadente all’ interno dell’ ex area Acna di Cesano Maderno , Limbiate , Bovisio Masciago e Ceriano Laghetto con le osservazioni e prescrizioni espresse dalla Conferenza di Servizi , di cui all’ allegato 1)(omissis ) al presente atto;1
92;DECRETA 1   di approvare , ai sensi del comma 4 , dell’ art  242 del d lgs;1
93;3 aprile 2006 , n  152 , il « Piano integrativo d’ indagine Settore C107 : relazione descrittiva delle attività svolte e analisi di rischio sito – specifica » , ricadente all’ interno dell’ ex area Acna di Cesano Maderno , Limbiate , Bovisio Masciago e Ceriano Laghetto , presentato dalla Società Bracco Imaging s p a  , con sede legale in via Egidio Folli , 50 del comune di Milano , con le osservazioni e prescrizioni espresse dalla Conferenza di Servizi , il cui verbale costituisce parte integrante del presente provvedimento ( allegato 1)(omissis );1
94;Preso atto che con le dd g r   citate sono state definite le procedure per l’ accreditamento delle unità d’ offerta socio - sanitarie;1
95;Vista la circolare regionale n  21 del 5 luglio 2007 « Chiarimenti in ordine a d g r   n  3257 del 4 ottobre 2006 » che indica , tra l’ altro , le modalità per ottenere il riconoscimento di Ente Unico;1
96;Dato atto che è stata accertata , da parte della struttura « Regolazione , accreditamento e contratti » , la corrispondenza della richiesta con la documentazione agli atti;1
97;Richiamato l’ art 25 del d lgs;1
98;33/2013 ( Obblighi di pubblicazione concernenti i controlli sulle imprese ) che prevede che le ASL , nella qualità di autorità deputate al controllo , inseriscano la tipologia dei controlli in oggetto nella lista dei controlli pubblicata sul proprio sito , unitamente all’ indicazione dei criteri e delle modalità di svolgimento delle relative attività e all’ elenco degli obblighi e degli adempimenti che le imprese sono tenute a rispettare per ottemperare alle disposizioni normative;1
99;Considerato che il Piano regionale dei controlli ufficiali sulla presenza di Organismi Geneticamente Modificati negli alimenti è stato inserito dal 2009 tra gli indicatori utilizzati per la certificazione degli obblighi informativi delle regioni , oggetto di valutazione da parte del « Tavolo di verifica degli adempimenti » , istituito con l’ art  12 dell’ Intesa Stato – Regioni del 23 Marzo 2005;1
100;Ritenuto che , per quanto riguarda il controllo sulla presenza di organismi geneticamente modificati negli alimenti , sia necessario un coordinamento a livello regionale per quanto riguarda i criteri di ripartizione tra le ASL lombarde , la tipologie di prodotti da sottoporre al controllo e il numero di campioni da prelevare , nonché il conferimento dei campioni ai laboratori di prevenzione individuati per l’ analisi;1
101;Vista l’ istruttoria compiuta dalla Struttura Tutela della persona , Promozione della salute e Igiene degli alimenti , che sulla base delle esigenze territoriali e delle risorse disponibili ha elaborato e condiviso con le ASL lombarde , Servizi di Igiene degli Alimenti e Nutrizione ( SIAN ) e Laboratori di Prevenzione , ciascuno per quanto di propria competenza , il documento « Indirizzi per la realizzazione dei controlli ufficiali sulla presenza di Organismi Geneticamente Modificati negli alimenti in Regione Lombardia – anno 2014 »;1
102;Ritenuto pertanto di approvare il documento « Indirizzi per la realizzazione dei controlli ufficiali sulla presenza di Organismi Geneticamente Modificati negli alimenti in Regione Lombardia – anno 2014 » di cui all’ allegato e parte integrante e sostanziale del presente provvedimento e di prevedere la pubblicazione del presente atto sul Bollettino Ufficiale della Regione Lombardia e sul sito web della Direzione Generale Sanità;1
103;−− i dd p c m;1
104;14 febbraio 2001 « Atto di indirizzo e coordinamento in materia di prestazioni socio sanitarie » e 29 novembre 2001 « Definizione dei livelli essenziali di assistenza »;1
105;−− la d g r;1
106;8 agosto 2003 , n  14039 « Primo provvedimento attuativo della d g r   n  12620 del 7 aprile 2003 : Definizione del sistema tariffario della residenza sanitario assistenziale per disabili »;1
107;Vista la determinazione della ASL di Como del 6 novembre 2013 n  58 , relativa all’ attestazione del possesso dei requisiti di accreditamento della R S D  in oggetto e la successiva richiesta di integrazione e sospensione dei termini prot   n  G1 2013 0015390 del 13 novembre 2013;1
108;Vista la determinazione della ASL di Como del 26 novembre 2013 n  63 , relativa all’ attestazione del possesso dei requisiti di accreditamento della R S D  in oggetto e la successiva richiesta di integrazione e sospensione dei termini prot;1
109;G1 2013 0015987 del 29 novembre 2013;1
110;Vista la determinazione dell’ ASL di Como del 16 dicembre 2013 , n  66 , prot   n  G1 2013 0016874 del 17 dicembre 2013 , che annullando le precedenti sopra riportate determinazioni , attesta;1
111;il possesso dei requisiti di accreditamento per n  32 posti letto della R S D  in oggetto , sulla scorta delle verifiche effettuate con sopralluogo del 25 novembre 2013;1
112;DECRETA 1   di ampliare l’ accreditamento per n  2 posti letto , con decorrenza dalla data di approvazione del presente atto , della seguente unità di offerta socio sanitaria : Residenza Sanitario Assistenziale per persone con disabilità ’ ( R S D  );1
113;« Fondazione Clotilde Rango » , cod   struttura 303008405 , con sede in Alzate Brianza ( CO ) , via Aldo Moro , 201 , gestita dall’ ente « Fondazione Clotilde Rango Onlus » , con stessa sede , CF n  90007950133 , sulla base della verifica del possesso dei requisiti di accreditamento condotta dalla ASL di Como e attestata con provvedimento del 16 dicembre 2013 n  66 , per n  32 posti letto;1
114;DECRETA 1   di provvedere , a favore del seguente nuovo Ente Gestore : San Giacomo S r l   con sede legale in Milano , Via Padre G B  Martini n  29 , CF 02644040137 , alla voltura dell’ accreditamento della seguente unità di offerta socio sanitaria : R S A  La Sapienza con sede in Menaggio ( CO ) , Via Nanc n  18 , codice struttura 303005001 , già accreditata con d g r   n  50 del 26 maggio 2010 e a contratto per n  43 posti letto , con decorrenza dalla data del presente provvedimento , sulla base delle verifiche compiute dall’ ASL di Como;1
115;Preso atto di quanto indicato nel documento di cui sopra , ed in particolare delle conclusioni dell’ Annesso 2 – rapporto tecnico HPC al suddetto Piano di caratterizzazione Integrativo , relativo alle attività di Caratterizzazione del sito , dalle quali emerge il superamento delle CSC per le acque di falda captate da piezometri realizzati anche sul territorio del Comune di Vimercate;1
116;Vista la determinazione della ASL di Como del 6 novembre 2013 n  58 , relativa all’ attestazione del possesso dei requisiti di accreditamento della R S D  in oggetto e la successiva richiesta di integrazione e sospensione dei termini prot   n  G1 2013 0015390 del 13 novembre 2013;1
117;Vista la determinazione della ASL di Como del 26 novembre 2013 n  63 , relativa all’ attestazione del possesso dei requisiti di accreditamento della R S D  in oggetto e la successiva richiesta di integrazione e sospensione dei termini prot;1
118;G1 2013 0015987 del 29 novembre 2013;1
119;Vista la determinazione dell’ ASL di Como del 16 dicembre 2013 , n  66 , prot   n  G1 2013 0016874 del 17 dicembre 2013 , che annullando le precedenti sopra riportate determinazioni , attesta;1
120;il possesso dei requisiti di accreditamento per n  32 posti letto della R S D  in oggetto , sulla scorta delle verifiche effettuate con sopralluogo del 25 novembre 2013;1
121;DECRETA 1   di ampliare l’ accreditamento per n  2 posti letto , con decorrenza dalla data di approvazione del presente atto , della seguente unità di offerta socio sanitaria : Residenza Sanitario Assistenziale per persone con disabilità ’ ( R S D  );1
122;« Fondazione Clotilde Rango » , cod   struttura 303008405 , con sede in Alzate Brianza ( CO ) , via Aldo Moro , 201 , gestita dall’ ente « Fondazione Clotilde Rango Onlus » , con stessa sede , CF n  90007950133 , sulla base della verifica del possesso dei requisiti di accreditamento condotta dalla ASL di Como e attestata con provvedimento del 16 dicembre 2013 n  66 , per n  32 posti letto;1
123;Rilevato che la S C I A  sopra citata è stata positivamente verificata dalla commissione di vigilanza della ASL di Lodi , a cui spetta la competenza in conformità alla d g r   n  1185/13 , con sopralluogo del 25 novembre 2013 , di cui al verbale allegato al provvedimento sotto indicato;1
124;Visto il provvedimento del 10 dicembre 2013 n  299 , adottato dalla ASL di Lodi , pervenuto in data 18 dicembre 2013 , prot   n  G1 2013 17032 del 19 dicembre 2013 , di attestazione del possesso dei requisiti di accreditamento per il nuovo consultorio con sede in via Longobardi n  1;1
125;DECRETA 1   di accreditare , con decorrenza dalla data di approvazione del presente atto , l’ unità di offerta socio sanitaria denominata : « Consultorio Familiare di Corteolona » , cod   struttura n  312000211 , con sede in Corteolona ( PV ) , in via Longobardi n  1 , gestito dalla ASL di Pavia , CF 01748780184 , in sostituzione del Consultorio Familiare , già accreditato , con sede sempre in Corteolona ( PV ) , in via Longobardi n  3 , sulla base della verifica del possesso dei requisiti di accreditamento condotta dalla A S L  di Lodi , e attestata con il provvedimento del 10 dicembre 2013 n  299;1
126;Ritenuto : −− di provvedere alla iscrizione nell’ apposito registro regionale della voltura di cui all’ oggetto , con decorrenza dalla data di adozione del presente decreto , sulla base delle verifiche compiute dalla competente ASL di Lecco , −− di stabilire che il nuovo soggetto gestore subentra nel contratto sottoscritto con l’ ASL di Lecco , che dovrà essere modificato in relazione alla variazione del soggetto gestore e conseguentemente trasmesso alla Direzione Generale Famiglia , Solidarietà Sociale e Volontariato;1
127;5/2010 - il progetto di rifacimento del ponte pedonale denominato « Cavallo » sul fiume Brembo di Valleve , in località Cambrembo di Valleve ( BG ) , secondo la soluzione progettuale indicata negli elaborati prodotti dal proponente Comune di Valleve , a condizione che siano ottemperate le seguenti prescrizioni , che dovranno essere espressamente recepite nei successivi provvedimenti di autorizzazione e approvazione del progetto in parola : a    in generale , dovranno essere puntualmente attuate tutte le precauzioni e le misure di mitigazione prospettate nel progetto e nello studio preliminare ambientale depositati dal proponente;1
128;4 febbraio 2014 - n  716 Determinazioni in merito ai monitoraggi quantitativi nell’ ambito delle sperimentazioni del deflusso minimo vitale in corso nel reticolo idrico naturale regionale IL DIRIGENTE DELLA STRUTTURA GESTIONE E REGOLAMENTAZIONE DEGLI USI DELLE ACQUE , SICUREZZA DEGLI INVASI Visti : • la Direttiva europea 2000/60 / CE , che istituisce un quadro per l’ azione comunitaria in materia di acque , prevedendo il raggiungimento entro il 2015 di obiettivi di qualità ecologica per le acque superficiali;1
129;−− lo strumento conoscitivo , normativo e tecnico - operativo mediante il quale sono pianificate e programmate le azioni e le misure finalizzate a garantire il perseguimento degli scopi e degli obiettivi ambientali stabiliti dagli artt;1
130;• le Direttive per l’ adeguamento delle derivazioni al rilascio del deflusso minimo vitale , approvate dalla Giunta Regionale con d g r   n  VIII/6232 del 19 dicembre 2007;1
131;Richiamate le « Linee Guida per l’ avvio di sperimentazioni sul deflusso minimo vitale in tratti del reticolo idrico naturale regionale » , approvate con decreto del Direttore Generale della Direzione Reti e Servizi di Pubblica Utilità e Sviluppo Sostenibile n  9001 del 8 agosto 2008;1
132;Dato atto che a partire dal 2009 la Regione Lombardia ha avviato , ai sensi delle Linee Guida , una serie di sperimentazioni del deflusso minimo vitale allo scopo di determinare in modo sitospecifico i valori di DMV da applicare a valle delle opere di presa interessate;1
133;Considerato che nelle sperimentazioni la conoscenza delle portate in alveo presso le stazioni di monitoraggio biologico e chimico - fisico costituisce elemento di riferimento indispensabile per effettuare correttamente le valutazioni qualitative;1
134;Dato atto che per ciascuna sperimentazione , nell’ ambito dei singoli tavoli tecnici formalmente istituiti dalla Regione , sono state fornite ai proponenti indicazioni operative per l’ acquisizione , il calcolo e la gestione dei dati di portata;1
135;Ritenuto opportuno formalizzare le suddette indicazioni , in modo da uniformarne i contenuti per tutte le sperimentazioni e garantire la coerente e completa disponibilità di informazioni sul regime delle portate , in funzione sia delle caratteristiche dei corsi d’ acqua oggetto di sperimentazione , sia degli usi della risorsa idrica;1
136;Considerato l’ incarico assegnato dalla Regione Lombardia a FLA ( Fondazione Lombardia per l’ Ambiente ) relativo a « Realizzazione di attività di ricerca e supporto tecnico - scientifico alla valutazione delle sperimentazioni del deflusso minimo vitale » , inserito nella Raccolta Convenzioni e Contratti della Struttura Acquisti , Contratti e Patrimonio in data 22 novembre 2012 al n  17260 / RCC;1
137;Dato atto che il documento , i cui contenuti sono stati trattati nei singoli tavoli tecnici , è già stato inviato ai soggetti proponenti delle sperimentazioni con comunicazione del 19 dicembre 2013;1
138;Bollettino Ufficiale;0
139;Serie Ordinaria n  2 - Giovedì 10 gennaio 2013;0
140;D G  Ambiente , energia e reti D d s;0
141;28 dicembre 2012 - n  12616 Modifica e aggiornamento del d d g   n  7300 del 4 maggio 2004 : “ Criteri e procedure per la gestione dei sistemi di monitoraggio delle emissioni ( SME ) per impianti per la produzione di leganti idraulici “ IL DIRIGENTE DELLA STRUTTURA ATTIVITA ’ PRODUTTIVE E RISCHIO INDUSTRIALE Vista la Parte Quinta del d lgs   n  152/06 : « Norme in materia di tutela dell’ aria e di riduzione delle emissioni in atmosfera » ed in particolare l’ Allegato VI « Criteri per la valutazione della conformità dei valori limite misurati ai valori di emissione »;0
142;Richiamati −− Il d d u o   n  7300 04 maggio 2004 : « Criteri e procedure per la gestione degli SME per gli impianti per la produzione di leganti idraulici » che fissava , ai sensi della normativa vigente , le modalità di installazione e gestione dei sistemi di Monitoraggio in continuo alle Emissioni ( SME ) per il comparto cemento;0
143;−− la d g r   n  11352 del 10 febbraio 2010 : « Linee di indirizzo ai fini dell’ implementazione della rete di monitoraggio delle emissioni dei grandi impianti di combustione ai sensi dell’ art 4 della legge regionale 11 dicembre 2006 , n  24 » con cui Regione Lombardia ha introdotto la Rete SME , individuandone nello specifico il campo di applicazione ( impianti individuati nella parte A dell’ Allegato alla delibera ) e le modalità e le tempistiche di attuazione ( parte B dell’ Allegato );0
144;−− il d d s   n  4343 del 27 aprile 2010 « Misure tecniche per l’ installazione e la gestione dei sistemi di monitoraggio in continuo alle emissioni ( SME ) » con cui la Direzione Generale Ambiente Energia e Reti , ha definito , anche ai fini dell’ implementazione della Rete , le nuove misure tecniche , i criteri e le procedure gestionali da utilizzarsi ai fini dell’ installazione , gestione e verifica dei Sistemi di Monitoraggio delle Emissioni ( SME ) uniformi per tutti i settori produttivi nonché le modalità e le tempistiche per l’ adeguamento;0
145;−− il d d u o   n  12834 del 27 dicembre 2011 « Ulteriori disposizione in materia di Sistemi di Monitoraggio in continuo alle Emissioni ( SME ) » con cui venivano definite le modalità di presentazione dei dati , nonché il calendario per il progressivo allacciamento alla Rete degli impianti Ricordato che la sopra citata d g r;0
146;11352/2010 incaricava il Dirigente competente della Direzione Generale Ambiente , Energia e Reti di provvedere alla definizione delle ulteriori specifiche in materia di SME per i vari settori produttivi Considerato che , in tal senso , la Struttura Attività Produttive e Rischio Industriale ha avviato il Tavolo Tecnico – costituito dai Gestori , ARPA Lombardia e le Associazioni di categoria - del settore relativo alla produzione di leganti idraulici al fine , sia di avviare l’ aggiornamento dell’ esistente allegato di comparto ( dduo 7300/2004 ) ai nuovi criteri definiti in materia di SME , sia di assecondare il percorso di adeguamento degli SME e di implementazione della Rete;0
147;Ricordato infine che il dduo n  12834 del 27 dicembre 2011 definiva un calendario per il progressivo allacciamento degli impianti alla rete , prevedendo per il settore in questione la data del 30 maggio 2012 per la presentazione dei progetti e del 30 novembre 2012 per la realizzazione degli stessi;0
148;Considerato che , alla luce del protrarsi dei lavori del Tavolo , finalizzato anche a supportare i Gestori nel processo di implementazione della Rete , ARPA non ha potuto , a fronte di alcune criticità emerse , provvedere alla valutazione dei progetti , presentati coerentemente alle scadenze previste;0
149;Ritenuto pertanto che le scadenze per la realizzazione dei progetti di allacciamento alla Rete debbano essere valutate da ARPA , nell’ ambito dell’ approvazione dei progetti presentati , coerentemente sia con le criticità sito - specifiche , sia con i restanti adempimenti in materia di SME;0
150;vista la l r;0
151;7 luglio 2008 n  20 « testo unico delle leggi regionali in materia di organizzazione e personale » e i provvedimenti della IX legislatura;0
152;DECRETA per le ragioni meglio espresse in premessa 1   di approvare l’ Allegato « modifica e aggiornamento del d d u o   n  7300 del 4 maggio 2004 : « Criteri e procedure per la gestione degli SME per impianti di produzione di leganti idraulici » parte integrante e sostanziale del presente provvedimento;0
153;2   di stabilire che le scadenze per la realizzazione dei progetti di allacciamento alla Rete debbano essere valutate da ARPA , nell’ ambito dell’ approvazione dei progetti presentati , coerentemente sia con le criticità sito - specifiche , sia con i restanti adempimenti in materia di SME;0
154;3   di disporre la pubblicazione del presente provvedimento sul Bollettino Ufficiale della Regione Lombardia;0
155;Bollettino Ufficiale;0
156;Serie Ordinaria n  4 - Mercoledì 23 gennaio 2013 Contributo pubblico;0
157;D ) ATTI DIRIGENZIALI;0
158;Beneficiario;0
159;Giunta regionale;0
160;Politecnico di Milano - Polo Territoriale di Como;0
161;Provincia di Como;0
162;Centro di cultura scientifica “ Alessandro Volta ”;0
163;D G  Sistemi verdi e paesaggio D d u o;0
164;15 gennaio 2013 - n  153 Programma operativo di cooperazione transfrontaliera ItaliaSvizzera 2007 - 2013;0
165;Presa d’ atto delle decisioni assunte dal comitato di pilotaggio nella seduta del 2 ottobre 2012 relativamente ai nuovi piani finanziari dei progetti ordinari « COMFIT » e « TI-CO     nsumo »;0
166;Pubblicazione elenco beneficiari ai sensi dell’ art  7 , paragrafo 2 , lettera d ) del regolamento ( CE ) n  1828/2006;0
167;Visti :;0
168;LA DIRIGENTE DELL’ UNITÀ ORGANIZZATIVA PROGETTI INTEGRATI E PAESAGGIO;0
169;• il regolamento ( CE ) n  1080/2006 relativo al Fondo europeo di sviluppo regionale ( FESR );0
170;• il regolamento ( CE ) n  1083/2006 recante disposizioni generali sui fondi strutturali;0
171;tà di applicazione dei regolamenti ( CE ) n  1080/2006 e 1083/2006;0
172;• il programma operativo di cooperazione transfrontaliera Italia-Svizzera 2007 - 2013 ( di seguito denominato « Programma » ) adottato dalla Commissione Europea con Decisione C ( 2007 ) 6556 del 20 dicembre 2007;0
173;• la d g r   n  VIII/8257 del 22 ottobre 2008 di presa d’ atto del Programma;0
174;Preso atto che il Programma è finanziato al 75 % da risorse comunitarie messe a disposizione dal FESR e al 25 % da risorse statali messe a disposizione dal Fondo di rotazione ex lege n  183/1987;0
175;Visto il d d u o   n  2323 del 10 marzo 2008 di composizione e nomina del Comitato di Sorveglianza del Programma , come modificato dal d d u o   n  4932 del 19 maggio 2009 e n  1854 del 2 marzo 2011;0
176;Considerato che le decisioni in ordine alla selezione dei progetti da finanziare spettano al Comitato di Pilotaggio;0
177;Visto il d d u o   n  3367 del 4 aprile 2008 di composizione e nomina del Comitato di Pilotaggio del Programma , così come modificato dai d d u o   n  8802 del 6 agosto 2008 , n  2631 del 18 marzo 2009 , n  5906 del 14 giugno 2010 e n  2557 del 26 marzo 2012;0
178;Richiamati con riferimento ai progetti finanziati nell’ ambito della seconda finestra di valutazione :;0
179;ne dell’ aggiornamento del primo invito ( di cui al d d u o   n  5654 del 29 maggio 2008 ) alla presentazione di progetti ordinari , fissando la scadenza al 29 ottobre 2009 ( seconda finestra di valutazione );0
180;• il d d u o   n  9676 del 30 settembre 2010 relativo alla presa d’ atto delle decisioni assunte dal Comitato di Pilotaggio nelle sedute del 22 febbraio 2010 , 29 marzo 2010 e 15 giugno 2010 in merito alle selezione e finanziamento dei progetti ordinari pervenuti entro il 29 ottobre 2009;0
181;zione dell’ elenco dei beneficiari del contributo pubblico concesso ai progetti di cui al sopra richiamato d d u o   n  9676 , tra cui il progetto COMFIT - Comunicazione Multimediale Integrata per la Filiera del Turismo;0
182;Dato atto che il partenariato del progetto COMFIT è il seguente : 1;0
183;Politecnico di Milano - Polo Territoriale di Como ( Capofila italiano ) 2;0
184;Provincia di Como 3;0
185;Centro di cultura scientifica « Alessandro Volta »;0
186;Dato atto altresì che il piano finanziario originario del progetto « COMFIT » era il seguente :;0
187;Autofinanziamento;0
188;Tenuto conto che : • il Capofila italiano Politecnico di Milano - Polo Territoriale di Como ha presentato , con nota del 21 settembre 2012 ( protocollo in ingresso di Regione Lombardia n  F1 2012 0018441 del 25 settembre 2012 ) , richiesta di modifica del budget progettuale consistente nello spostamento di una parte del budget originariamente attribuito alla Provincia di Como a favore dei soggetti Politecnico di Milano - Polo Territoriale di Como e Centro di cultura scientifica « Alessandro Volta »;0
189;• al momento della presentazione della richiesta di modifica la Provincia di Como aveva rendicontato complessivamente € 10 094,12 a fronte di un budget originario di € 123 440,00;0
190;• la modifica consiste nella cessione di una quota del budget della Provincia di Como a favore del Politecnico di Milano - Polo Territoriale di Como ( per un importo di € 82 496,21 ) e a favore del Centro di cultura scientifica « Alessandro Volta » ( per un importo pari a € 26 276,28 ) , determinando altresì una riduzione del costo totale di progetto per un importo pari a € 4 573,39 ( equivalente alla riduzione dell’ autofinanziamento complessivo del progetto );0
191;• la quota di budget della Provincia di Como ceduta agli altri soggetti del progetto non è pari alla differenza tra il proprio budget e la quota rendicontata ( € 113 345,88 ) , bensì pari a € 108 772,49;0
192;• la richiesta è motivata dalla difficoltà operativa della Provincia di Como di proseguire le attività di propria competenza per cause indipendenti dal progetto stesso e legate invece all’ incertezza normativa relativa all’ esistenza dell’ ente provinciale e al conseguente commissariamento dell’ ente;0
193;• la quota di contributo pubblico concesso al progetto resta invariato ( € 514 000,00 );0
194;• il Comitato di Pilotaggio ha preso visione e discusso la richiesta di modifica sopra descritta nella seduta del 2 ottobre 2012 , approvando un nuovo piano finanziario come di seguito riportato : Beneficiario;0
195;Autofinanziamento;0
196;Contributo pubblico;0
197;Politecnico di Milano - Polo Territoriale di Como;0
198;Provincia di Como;0
199;Centro di cultura scientifica “ Alessandro Volta ”;0
200;Richiamati con riferimento ai progetti che compongono i PIT : • il d d u o   n  5654 del 29 maggio 2008 di pubblicazione dell’ invito alla presentazione di manifestazioni di interesse per i PIT;0
201;• il d d u o   n  772 del 31 gennaio 2011 di presa d’ atto delle decisioni del Comitato di Pilotaggio in merito alla selezione dei PIT e al finanziamento dei progetti che compongono i PIT;0
202;• il d d u o   n  2258 dell’ 11 marzo 2011 di pubblicazione dell’ elenco dei beneficiari del contributo pubblico concesso ai progetti appartenenti ai PIT approvati , tra cui il PIT « Saperi Alpini ( SAPALP ): percorsi di sostenibilità lungo lo spartiacque comasco - ticinese »;0
203;Considerato che il PIT SAPALP si compone di quattro progetti , tra cui il progetto TI-CO     nsumo : saper promuovere , valorizzare , conoscere le eccellenze agroalimentari , il cui partenariato è il seguente : 1;0
204;Provincia di Como ( Capofila italiano ) 2;0
205;Comunità Montana Triangolo Lariano 3;0
206;Comunità Montana Lario Intelvese;0
207;Bollettino Ufficiale;0
208;– 3 – Serie Ordinaria n  4 - Mercoledì 23 gennaio 2013;0
209;Comunità Montana Valli del Lario e del Ceresio 5;0
210;Associazione L’ isola che c’ è 6;0
211;LARIOFERIE 7;0
212;Consorzio per la tutela dei prodotti tradizionali della provincia di Como;0
213;Dato atto che il piano finanziario originario del progetto TICO … nsumo era il seguente : Beneficiario;0
214;Autofinanziamento;0
215;Contributo pubblico;0
216;Provincia di Como;0
217;Comunità Montana Triangolo Lariano;0
218;Comunità Montana Lario Intelvese;0
219;Comunità Montana Valli del Lario e del Ceresio;0
220;Associazione L’ isola che non c’ è;0
221;LARIOFERIE;0
222;Consorzio per la tutela dei prodotti tradizionali della provincia di Como;0
223;Tenuto conto che : • il Capofila italiano ha presentato , con nota prot   n  30857 del 4 luglio 2012 ( protocollo in ingresso di Regione Lombardia n  F1 2012 0012794 del 5 luglio 2012 ) , richiesta di modifica finanziaria a causa del recesso del soggetto Consorzio per la tutela dei prodotti tradizionali della provincia di Como dovuto al differente contesto economico rispetto al momento della presentazione del progetto;0
224;• la proposta di modifica consiste nel subentro del soggetto LARIO FIERE nelle attività originariamente attribuite al Consorzio , mantenendo invariato l’ importo di contributo pubblico assegnato al progetto e determinando un aumento del costo totale di progetto a causa dell’ incremento della quota di autofinanziamento a carico del soggetto LARIO FIERE ( incremento di € 14 885,10 );0
225;• la quota di contributo pubblico concesso al progetto resta invariato ( € 669 950,00 );0
226;• il Comitato di Pilotaggio ha preso visione e discusso la richiesta di modifica sopra descritta nella seduta del 2 ottobre 2012 , approvando un nuovo piano finanziario come di seguito riportato : Beneficiario;0
227;Autofinanziamento;0
228;Contributo pubblico;0
229;Provincia di Como;0
230;Comunità Montana Triangolo Lariano;0
231;Comunità Montana Lario Intelvese;0
232;Comunità Montana Valli del Lario e del Ceresio;0
233;Associazione L’ isola che non c’ è;0
234;LARIOFERIE;0
235;Consorzio per la tutela dei prodotti tradizionali della provincia di Como TOTALE;0
236;Considerati gli obblighi derivanti dall’ art  7 , paragrafo 2 , lettera d ) del Regolamento ( CE ) n  1828/2006 in merito alla pubblicazione dell’ elenco dei beneficiari , delle denominazioni delle operazioni e dell’ importo del finanziamento pubblico destinato alle operazioni;0
237;Visti : • i Provvedimenti Organizzativi della IX Legislatura , in particolare la d g r   n  IX/48 del 26 maggio 2010 ( « II Provvedimento Organizzativo 2010 » ) che assegna alla Direzione generale Sistemi Verdi e Paesaggio , in particolare all’ Unità organizzativa Progetti integrati e Paesaggio , l’ incarico di Autorità di Gestione del Programma;0
238;• la legge regionale 31 marzo 1978 , n  34 e successive modifiche ed integrazioni « Norme sulle procedure della programmazione , sul bilancio e sulla contabilità della;0
239;Regione » , nonché il regolamento di contabilità e la legge regionale di approvazione del bilancio di previsione dell’ anno in corso;0
240;• la legge regionale 7 luglio 2008 , n  20 « Testo Unico delle leggi regionali in materia di organizzazione e personale »;0
241;DECRETA 1;0
242;Di prendere atto della decisione assunta dal Comitato di Pilotaggio del Programma nella seduta del 2 ottobre 2012 relativamente alla modifica del piano finanziario del progetto COMFIT - Comunicazione Multimediale Integrata per la Filiera del Turismo descritta in narrativa;0
243;Di dare atto che il nuovo piano finanziario del progetto COMFIT è il seguente : Beneficiario;0
244;Autofinanziamento;0
245;Contributo pubblico;0
246;Politecnico di Milano - Polo Territoriale di Como;0
247;Provincia di Como;0
248;Centro di cultura scientifica “ Alessandro Volta ”;0
249;Di prendere atto della decisione assunta dal Comitato di Pilotaggio del Programma nella seduta del 2 ottobre 2012 relativamente alla modifica del piano finanziario del progetto TI-CO     nsumo : saper promuovere , valorizzare , conoscere le eccellenze agroalimentari descritta in narrativa;0
250;Di dare atto che il nuovo piano finanziario del progetto TICO     nsumo è il seguente : Beneficiario;0
251;Autofinanziamento;0
252;Contributo pubblico;0
253;Provincia di Como;0
254;Comunità Montana Triangolo Lariano;0
255;Comunità Montana Lario Intelvese;0
256;Comunità Montana Valli del Lario e del Ceresio;0
257;Associazione L’ isola che non c’ è;0
258;LARIOFERIE;0
259;Consorzio per la tutela dei prodotti tradizionali della provincia di Como TOTALE;0
260;Di disporre la pubblicazione del presente provvedimento sul Bollettino Ufficiale di Regione Lombardia e sul sito ufficiale del Programma ( www interreg-italiasvizzera it );0
261;Di dare atto che la pubblicazione di cui al punto 5 esaurisce gli obblighi informativi e pubblicitari previsti dall’ art  7 , paragrafo 2 , lettera d ) del regolamento ( CE ) n  1828/2006;0
262;Di trasmettere il presente provvedimento alle altre Amministrazioni corresponsabili del Programma nonché all’ Autorità di Certificazione e all’ Autorità di Audit del Programma;0
263;La dirigente Benedetta Sevi;0
264;Bollettino Ufficiale;0
265;Serie Ordinaria n  2 - Lunedì 09 gennaio 2012 a correzione proseguirà ( se necessario ) fino ad esaurimento di quanto prescritto ( modificando quindi di volta in volta sia il numero di prestazioni cumulative effettuate sia la data di fine erogazione );0
266;D G  Sanità;0
267;File AMB1 TXT – AMB2 TXT – AMB3 TXT Rispettivamente : Posizione 10 - 17 / 18 - 25 / 10 - 17 – « Data Contatto » Il campo andrà compilato indicando la data di erogazione della prima prestazione del primo pacchetto erogato File AMB2 TXT Posizione 10 - 17 – « Data prenotazione » Indicare la data di prenotazione della prima prestazione ( primo pacchetto MAC );0
268;per le prestazioni erogate senza prenotazione la « data di prenotazione » dovrà essere fatta coincidere con la « data del contatto » Posizione 42 - 42 – « Provenienza » Il campo va compilato con 2 = Specialista Posizione 60 - 60 – « Identificativo tipo di prestazione » Il campo va compilato con Z = programmata Posizione 61 - 62 – « Posizione ticket » Identifica la modalità di partecipazione alla spesa sanitaria da parte dell’ assistito nel caso di prestazioni erogate in regime di SSR   Fino a che non saranno definite le tariffe dei singoli pacchetti , la posizione ticket dovrà assumere il valore 90 = altro esente   Con l’ introduzione delle tariffe , la compartecipazione alla spesa dovrà seguire le stesse regole già vigenti per le attività di specialistica ambulatoriale e quindi sarà dovuta per i soli cittadini non esenti ( posizione ticket 40 )   Per gli assistiti a vario titolo esenti il campo dovrà essere compilato con la codifica coerente con la condizione di esenzione ( 10 , 20 , 50 , 60 , 61 , 62 , 63 , 90 )   Posizione 75 - 77 , 83 - 85 , 91 - 93 , 99 - 101 , 107 - 109 , 115 - 117 , 123125 , 131 - 133 – « Quantità » Indicare il numero di pacchetti erogati fino al mese di rilevazione per ogni codice MAC   Qualora la prescrizione contenesse pacchetti non esauriti nel mese di rilevazione , la prescrizione dovrà essere trasmessa a correzione nei mesi successivi aggiornando ( integrandolo ) il valore riferito a questo campo   Esempio : Prescrizione : Ricetta;0
269;prestazione;0
270;quantità;0
271;MAC01;0
272;data erogazione;0
273;gennaio 0300090478089180;0
274;MAC01;0